{
  "optimal_threshold": 0.034726664423942566,
  "raw": {
    "precision": 0.38545953360768176,
    "recall": 0.9258649093904449,
    "f1": 0.5443099273607748,
    "accuracy": 0.9689817714342223,
    "auc": 0.9794571240006849
  },
  "point_adjusted": {
    "precision": 0.4038589487691284,
    "recall": 1.0,
    "f1": 0.5753554502369668,
    "accuracy": 0.9704651086132445,
    "auc": null
  },
  "persistence": {
    "precision": 0.5531914893617021,
    "recall": 0.85667215815486,
    "f1": 0.6722689075630253,
    "accuracy": 0.9832877344496819,
    "auc": null
  },
  "persistence_point_adjusted": {
    "precision": 0.5910418695228822,
    "recall": 1.0,
    "f1": 0.7429620563035496,
    "accuracy": 0.9861555196624584,
    "auc": null
  },
  "training": {
    "epochs": 50,
    "final_ae1_loss": 0.007781946727146323,
    "final_ae2_loss": 0.010708872309456078,
    "final_val_recon_loss": 0.008610500294404725
  },
  "windowing": {
    "window_size": 100,
    "stride": 50
  },
  "score_smoothing": {
    "median_window": 11
  },
  "temporal_persistence": {
    "min_consecutive": 25
  },
  "train_windows": 29730,
  "eval_windows": 30337
}