{
  "thresholds": {
    "headline_recalibrated": 1.1522413492202759,
    "supplementary_training_quantile": 0.2851821482181549,
    "reference_oracle_pr_optimal": 1.2119839191436768,
    "headline_quantile": 99.0
  },
  "headline_recalibrated": {
    "raw": {
      "precision": 0.5721128259712613,
      "recall": 0.8825944170771757,
      "f1": 0.6942202131094608,
      "accuracy": 0.9515377923340669,
      "auc": 0.9045321514401266
    },
    "point_adjusted": {
      "precision": 0.6023738872403561,
      "recall": 1.0,
      "f1": 0.7518518518518519,
      "accuracy": 0.9588557392149839,
      "auc": null
    },
    "persistence": {
      "precision": 0.5759049162614803,
      "recall": 0.8752052545155994,
      "f1": 0.6946888237210818,
      "accuracy": 0.9520495368711939,
      "auc": null
    },
    "persistence_point_adjusted": {
      "precision": 0.6011178861788617,
      "recall": 0.9712643678160919,
      "f1": 0.7426239799121155,
      "accuracy": 0.9580369479555806,
      "auc": null
    }
  },
  "supplementary_training_quantile": {
    "raw": {
      "precision": 0.2358974358974359,
      "recall": 0.9064039408866995,
      "f1": 0.3743641912512716,
      "accuracy": 0.8111662658001125,
      "auc": 0.9045321514401266
    },
    "point_adjusted": {
      "precision": 0.25406758448060074,
      "recall": 1.0,
      "f1": 0.405189620758483,
      "accuracy": 0.8170001535233611,
      "auc": null
    },
    "persistence": {
      "precision": 0.24468085106382978,
      "recall": 0.9064039408866995,
      "f1": 0.38534031413612563,
      "accuracy": 0.8197635740238473,
      "auc": null
    },
    "persistence_point_adjusted": {
      "precision": 0.26329442282749677,
      "recall": 1.0,
      "f1": 0.41683778234086244,
      "accuracy": 0.8255974617470958,
      "auc": null
    }
  },
  "reference_oracle_pr_optimal": {
    "raw": {
      "precision": 0.5745590593265634,
      "recall": 0.8825944170771757,
      "f1": 0.6960181288442862,
      "accuracy": 0.9519471879637685,
      "auc": 0.9045321514401266
    },
    "point_adjusted": {
      "precision": 0.6047666335650447,
      "recall": 1.0,
      "f1": 0.7537128712871287,
      "accuracy": 0.9592651348446856,
      "auc": null
    },
    "persistence": {
      "precision": 0.5762162162162162,
      "recall": 0.8752052545155994,
      "f1": 0.6949152542372882,
      "accuracy": 0.9521007113249066,
      "auc": null
    },
    "persistence_point_adjusted": {
      "precision": 0.6014234875444839,
      "recall": 0.9712643678160919,
      "f1": 0.7428571428571429,
      "accuracy": 0.9580881224092933,
      "auc": null
    }
  },
  "training": {
    "epochs": 32,
    "final_ae1_loss": 0.10794262299614568,
    "final_ae2_loss": -0.005819682392381852,
    "final_val_recon_loss": 0.22910839691758156
  },
  "split": {
    "train_end": "2020-04-01T00:00:00",
    "train_start": "2020-02-01T00:00:00",
    "recal_start": "2020-04-01T00:00:09",
    "recal_end": "2020-04-15T00:00:00",
    "test_start": "2020-04-15T00:00:00",
    "test_end": "2020-09-01T03:59:50",
    "train_rows": 445298,
    "eval_rows": 1071650
  },
  "windowing": {
    "window_size": 100,
    "stride": 50
  },
  "score_smoothing": {
    "median_window": 11
  },
  "temporal_persistence": {
    "min_consecutive": 25
  },
  "train_windows": 8904,
  "recal_windows": 1889,
  "test_windows": 19541,
  "eval_windows": 21432,
  "adversarial_schedule": {
    "adv_ramp_epochs": 30,
    "adv_max_weight": 0.3,
    "grad_clip_norm": 1.0
  }
}