{
  "rmse": 15.017237663269043,
  "mae": 11.552506446838379,
  "cmapss_score": 366.6955261230469,
  "pearson_r": 0.9292783668559332,
  "n_test_units": 100,
  "config": {
    "window_length": 30,
    "max_rul_clip": 125,
    "encoder_latent_channels": 64,
    "features_used": [
      "sensor_2",
      "sensor_3",
      "sensor_4",
      "sensor_7",
      "sensor_8",
      "sensor_9",
      "sensor_11",
      "sensor_12",
      "sensor_13",
      "sensor_14",
      "sensor_15",
      "sensor_17",
      "sensor_20",
      "sensor_21"
    ]
  },
  "pretrain": {
    "epochs": 34,
    "best_val_recon": 0.21373531520366668
  },
  "rul_head": {
    "epochs": 80,
    "best_val_mse": 246.16122436523438
  }
}